Item Name/ Number,Webstore Display Name,SEARCH KEYWORDS,Item Short Description,Detailed Description,META TAG HTML,Page Title,Brand,Website Price,Display in Webstore,Hide on Website,Gtin,On Sale Price,Weight,Length,Width,Height
66996,5 SURPRISE MINI TOYS S1(Colors and Styles may vary and will be picked randomly),"Toys,Figures,5 SURPRISE MINI TOYS S1(Colors and Styles may vary and will be picked randomly)","<ul>
 <li>60+ MINIS TO COLLECT ：All your favorite toys from Nickelodeon, ZURU, Rubiks, Crayola and more made mini! From shrunken Teenage Mutant Ninja action figures to mini Rubiks Cubes.</li>
 <li>FIND THE RARES：Collect the rare glow in the dark and shimmery minis! Try find the super rare gold minis too.</li>
 <li>4 SHOPPING ACCESSORIES ：Collect all 4 miniature shopping accessories including bags, wheelie baskets, carts, and shelves to create your own mini toy store.</li>
 </ul>","5 Surprise Toy Mini Brands are all the best toys in your toy box made mini! Unwrap and peel to reveal 5 mystery miniatures in every capsule. What 5 surprises will you unbox? There are over 60 miniature toys and accessories to collect including rare glow in the dark and shimmery minis plus, super rare gold minis. Find minis of your favorite toys from Nickelodeon, ZURU, Rubiks, Crayola and more. Collect them all to create your own mini toy store.","<meta name=""keywords"" content=""Toys,Figures""><meta name=""description"" content=""5 Surprise Toy Mini Brands are all the best toys in your toy box made mini! Unwrap and peel to reveal 5 mystery miniatures in every capsule. What 5 surprises will you unbox? There are over 60 miniature toys and accessories to collect including rare glow in the dark and shimmery minis plus, super rare gold minis. Find minis of your favorite toys from Nickelodeon, ZURU, Rubiks, Crayola and more. Collect them all to create your own mini toy store."">",5 SURPRISE MINI TOYS S1(Colors and Styles may vary and will be picked randomly),TRADOPIA,9.99,YES,NO,193052020819,9.99,0.13,7.62,7.62,9.53
68558,Rainbow Pop-it Fidget Sensory Toy ASST (STYLE MAY VARY),"TOYS,Rainbow Pop-it Fidget Sensory Toy ASST (STYLE MAY VARY)","<ul>
  <li>Our pop it fidget toy Made of safe and environment-friendly silicone, comfortable touch, non-toxic, tasteless,sensory fidget toy will not cause any harm to your family or friends, even pets. Our fidget poppers Endless washable and reusable.</li>
  <li>Our fidget toy pack has Round, Square, Octagon, Unicorn, Dianasor, Butterfly, Rainbow Squeeze Toys for Kids Children Adults. The sensory toy can help children's mathematical thinking, reasoning strategies, mental arithmetic, logical thinking.Fidget toy pack also therapy tools for Special Needs Kids with ADD,ADHD & Autism</li>
  <li>Use push pop fidget toy as a normal fly pan and play with your lovely pets. Pop it pack with multi-use is not only a toy, bubbles poppers a game tool, frisbee, place mat or coaster. Fidget toy pack an interesting family game tool to enjoy a full family time</li>
  </ul>","Use push pop fidget toy as a normal fly pan and play with your lovely pets. Pop it pack with multi-use is not only a toy, bubbles poppers a game tool, frisbee, place mat or coaster. Fidget toy pack an interesting family game tool to enjoy a full family time","<meta name=""keywords"" content=""TOYS,Rainbow, Pop-it, Fidget""><meta name=""description"" content=""Use push pop fidget toy as a normal fly pan and play with your lovely pets. Pop it pack with multi-use is not only a toy, bubbles poppers a game tool, frisbee, place mat or coaster. Fidget toy pack an interesting family game tool to enjoy a full family time"">",Rainbow Pop-it Fidget Sensory Toy ASST (STYLE MAY VARY),,7.99,YES,NO,670533801537,7.99,0.14,7.62,7.62,9.53
